{
  "model": "mlr_justbrent",
  "feature_cols": [
    "close_x",
    "open_x",
    "high_x",
    "low_x",
    "average_x",
    "brent_lag_1",
    "brent_lag_3",
    "brent_lag_5",
    "brent_lag_7",
    "brent_ma_5",
    "brent_ma_10"
  ],
  "split_sizes": {
    "train": 1285,
    "val": 275,
    "test": 276
  },
  "metrics": {
    "train": {
      "MSE": 0.5600437106733199,
      "RMSE": 0.7483606822069957,
      "MAE": 0.529966285422877,
      "R2": 0.9928208992182949
    },
    "val": {
      "MSE": 0.8940151033519594,
      "RMSE": 0.945523719084804,
      "MAE": 0.7328341081981563,
      "R2": 0.9172348875399411
    },
    "test": {
      "MSE": 0.9815061018049049,
      "RMSE": 0.9907098979039752,
      "MAE": 0.7677959179317172,
      "R2": 0.9122229784626987
    }
  },
  "trained_at": "2026-02-27T03:45:30.553334+00:00"
}